1,1,InputSystem,0,2,2,&,-1,-1,&,
8,2,&,10,
1,3,MainCamera,2,1,4,5,&,-1,-1,&,
3,4,&,0,0,5,-7.5,0,0.017,-0.102,0,0,1,1,1,0,
10,5,&,0,1,-0.101809,5.017,-6.50534,0,90,0.1,1000,0,1,0,0,
1,8,Plane1,0,2,9,10,12,&,-1,-1,&,
3,9,&,0,0,-5,0,0,0,0,0,0,20,1,20,0,
4,10,&,0,11,
5,12,&,0,13,
2,13,0,pointLight,pointLight,6,7,
1,14,Sprite1,3,2,15,16,18,20,&,-1,-1,&,
3,15,&,0,0,0,0,0,0,0,0,0,100,100,1,0,
4,16,&,0,1,0,0,0,
5,18,&,0,19,
2,19,0,unlit,unlit,0,0,
7,20,&,0,400,400,
