{"nodes":{"node:10000":{"location":{"x":100,"y":100}},"node:10002":{"location":{"x":400,"y":100}},"node:10004":{"location":{"x":700,"y":100}}},"selection":null,"view":{"scroll":{"x":0.724686503410339355,"y":-0.581373631954193115},"visible_rect":{"max":{"x":1636.924072265625,"y":1184.4239501953125},"min":{"x":251.0762939453125,"y":-201.423843383789062}},"zoom":0.00288631999865174294}}