{"nodes":{"node:10000":{"location":{"x":100,"y":100}},"node:10002":{"location":{"x":400,"y":100}},"node:10004":{"location":{"x":700,"y":100}}},"selection":null,"view":{"scroll":{"x":177.0853271484375,"y":-7.73339561419561505e-05},"visible_rect":{"max":{"x":1657.131591796875,"y":983.000244140625},"min":{"x":230.868606567382812,"y":-0.000100821358500979841}},"zoom":0.767039477825164795}}