{"nodes":null,"selection":null,"view":{"scroll":{"x":0.503517985343933105,"y":-0.826475858688354492},"visible_rect":{"max":{"x":1698.1385498046875,"y":1196.638671875},"min":{"x":189.861190795898438,"y":-311.638702392578125}},"zoom":0.00265203206799924374}}