{"nodes":{"node:10000":{"location":{"x":100,"y":100}},"node:10002":{"location":{"x":400,"y":100}},"node:10004":{"location":{"x":700,"y":100}}},"selection":null,"view":{"scroll":{"x":140.7332763671875,"y":0},"visible_rect":{"max":{"x":1698.1385498046875,"y":885},"min":{"x":189.8612060546875,"y":0}},"zoom":0.741242945194244385}}