{"nodes":{"node:10000":{"location":{"x":100,"y":100}},"node:10002":{"location":{"x":400,"y":100}},"node:10004":{"location":{"x":700,"y":100}}},"selection":null,"view":{"scroll":{"x":79.1368484497070312,"y":-154.000106811523438},"visible_rect":{"max":{"x":900.611572265625,"y":587.26788330078125},"min":{"x":77.4575653076171875,"y":-150.732223510742188}},"zoom":1.02167999744415283}}