{"nodes":{"node:10000":{"location":{"x":100,"y":100}},"node:10002":{"location":{"x":400,"y":100}},"node:10004":{"location":{"x":700,"y":100}}},"selection":null,"view":{"scroll":{"x":192.58544921875,"y":-4.68163780169561505e-05},"visible_rect":{"max":{"x":1636.924072265625,"y":983.0001220703125},"min":{"x":251.076309204101562,"y":-6.103515625e-05}},"zoom":0.76703953742980957}}