{"nodes":null,"selection":null,"view":{"scroll":{"x":416.7332763671875,"y":-4.52418717031832784e-05},"visible_rect":{"max":{"x":1325.791259765625,"y":885.00006103515625},"min":{"x":562.2088623046875,"y":-6.103515625e-05}},"zoom":0.741242825984954834}}