{"nodes":{"node:10000":{"location":{"x":100,"y":100}},"node:10002":{"location":{"x":400,"y":100}},"node:10004":{"location":{"x":700,"y":100}}},"selection":null,"view":{"scroll":{"x":-88.2667236328125,"y":-144},"visible_rect":{"max":{"x":1408.085205078125,"y":690.731689453125},"min":{"x":-119.079345703125,"y":-194.268280029296875}},"zoom":0.741242945194244385}}