{"nodes":null,"selection":null,"view":{"scroll":{"x":119.866691589355469,"y":-4.74487933388445526e-05},"visible_rect":{"max":{"x":1733.811279296875,"y":885.00006103515625},"min":{"x":154.189010620117188,"y":-6.103515625e-05}},"zoom":0.77740103006362915}}