{"nodes":null,"selection":null,"view":{"scroll":{"x":342.133026123046875,"y":-9.375964873470366e-05},"visible_rect":{"max":{"x":1557.8057861328125,"y":884.99993896484375},"min":{"x":330.19384765625,"y":-9.04877815628424287e-05}},"zoom":1.03615808486938477}}