{"nodes":{"node:10000":{"location":{"x":100,"y":100}},"node:10002":{"location":{"x":400,"y":100}},"node:10004":{"location":{"x":700,"y":100}}},"selection":["node:10004","node:10002","node:10000"],"view":{"scroll":{"x":140.733383178710938,"y":0},"visible_rect":{"max":{"x":1698.138916015625,"y":885.00006103515625},"min":{"x":189.861358642578125,"y":0}},"zoom":0.741242885589599609}}