{"nodes":null,"selection":null,"view":{"scroll":{"x":246.132614135742188,"y":-0.00025296819512732327},"visible_rect":{"max":{"x":1650.455810546875,"y":885.00018310546875},"min":{"x":237.5435791015625,"y":-0.000244140625}},"zoom":1.03615772724151611}}