{"nodes":{"node:10000":{"location":{"x":100,"y":100}},"node:10002":{"location":{"x":400,"y":100}},"node:10004":{"location":{"x":700,"y":100}}},"selection":null,"view":{"scroll":{"x":106.295692443847656,"y":-4.60864357592072338e-05},"visible_rect":{"max":{"x":1747.225830078125,"y":934.99993896484375},"min":{"x":140.7740478515625,"y":-6.10351526120211929e-05}},"zoom":0.755080163478851318}}