{"nodes":null,"selection":null,"view":{"scroll":{"x":-289.868438720703125,"y":-0.000102707963378634304},"visible_rect":{"max":{"x":2697.246337890625,"y":885.00042724609375},"min":{"x":-809.2547607421875,"y":-0.000286740105366334319}},"zoom":0.358191817998886108}}