{"nodes":{"node:10000":{"location":{"x":570,"y":230}},"node:10061":{"location":{"x":1016,"y":0}},"node:10151":{"location":{"x":928,"y":322}}},"selection":null,"view":{"scroll":{"x":133.733261108398438,"y":-3.0517578125e-05},"visible_rect":{"max":{"x":1707.5823974609375,"y":885.00006103515625},"min":{"x":180.4176025390625,"y":-4.11708206229377538e-05}},"zoom":0.741242885589599609}}