{"nodes":null,"selection":null,"view":{"scroll":{"x":133.733322143554688,"y":0},"visible_rect":{"max":{"x":1707.5821533203125,"y":885},"min":{"x":180.41766357421875,"y":0}},"zoom":0.741242945194244385}}