{"nodes":{"node:10000":{"location":{"x":-48,"y":66}}},"selection":null,"view":{"scroll":{"x":-275.15008544921875,"y":-109.750076293945312},"visible_rect":{"max":{"x":387.799896240234375,"y":728.333251953125},"min":{"x":-366.866790771484375,"y":-146.33343505859375}},"zoom":0.75}}