{"nodes":{"node:10000":{"location":{"x":100,"y":100}},"node:10002":{"location":{"x":400,"y":100}},"node:10004":{"location":{"x":700,"y":100}}},"selection":null,"view":{"scroll":{"x":0.943046152591705322,"y":-3.0517578125e-05},"visible_rect":{"max":{"x":824.07696533203125,"y":738.00006103515625},"min":{"x":0.923034608364105225,"y":-2.98699924314860255e-05}},"zoom":1.02168011665344238}}