{"nodes":null,"selection":null,"view":{"scroll":{"x":133.6666259765625,"y":0},"visible_rect":{"max":{"x":1722.5523681640625,"y":885},"min":{"x":165.447494506835938,"y":0}},"zoom":0.807909607887268066}}