{"nodes":{"node:10000":{"location":{"x":100,"y":100}},"node:10002":{"location":{"x":400,"y":100}},"node:10004":{"location":{"x":700,"y":100}}},"selection":null,"view":{"scroll":{"x":-117.057998657226562,"y":-0.000467025907710194588},"visible_rect":{"max":{"x":939.5731201171875,"y":738.00048828125},"min":{"x":-114.57415771484375,"y":-0.000457116140751168132}},"zoom":1.02167892456054688}}